user_id,source_id,time_id,protein_intake,muscle_growth
42,1,258,154.11,0.78
97,4,20,229.16,1.31
85,1,329,223.21,1.13
51,1,197,102.19,0.52
24,5,91,61.93,0.2
29,4,173,175.82,0.62
22,5,178,220.4,1.39
34,5,27,235.93,0.4
6,3,121,80.93,0.9
13,1,70,170.95,0.41
90,5,257,53.39,0.47
39,2,272,119.84,0.43
65,3,87,89.39,0.18
47,1,257,189.68,0.86
93,1,155,234.48,0.14
94,4,195,171.49,1.39
42,4,69,131.36,1.0
93,2,198,60.02,1.33
23,4,198,95.18,1.42
65,1,233,65.15,0.76
83,3,30,217.69,1.04
21,1,76,166.58,0.31
7,3,16,155.05,0.86
13,4,297,224.91,1.07
75,3,116,105.59,1.04
24,3,57,143.41,0.69
51,3,106,57.65,0.1
5,4,335,92.35,0.72
86,3,135,123.74,0.9
57,3,6,198.12,1.1
61,2,206,172.74,1.09
8,4,80,104.51,0.75
51,5,194,190.18,0.77
70,1,203,75.9,1.45
61,5,324,101.16,1.48
40,5,148,221.15,1.36
50,4,65,242.26,0.32
20,5,178,249.05,1.47
41,2,123,159.93,1.08
2,1,85,221.2,0.94
25,4,220,138.95,0.66
16,4,307,138.13,0.16
9,3,137,185.8,0.22
43,3,314,152.68,1.4
75,1,296,69.78,0.21
37,2,320,59.24,0.17
1,3,140,108.53,0.59
88,1,198,210.28,0.41
45,3,81,139.07,0.48
23,5,210,201.28,1.37
69,5,237,233.53,0.66
64,3,122,63.55,0.69
31,4,33,218.82,0.77
76,1,202,206.49,0.69
81,4,30,53.56,0.41
36,5,157,52.06,0.31
28,2,294,161.84,0.79
35,4,87,57.68,0.38
39,2,323,195.76,1.28
10,2,105,120.77,0.96
96,2,322,153.64,0.49
42,2,104,189.92,0.87
82,1,37,244.7,1.4
39,2,151,72.36,1.21
99,4,84,103.38,0.44
17,1,84,178.94,0.62
27,2,181,203.47,0.31
75,5,65,202.08,0.42
45,1,339,177.33,0.17
75,5,265,224.97,0.86
4,2,86,63.49,1.36
35,1,245,61.49,0.72
5,4,336,215.62,0.74
21,3,236,143.44,0.67
27,5,158,131.38,1.1
53,2,284,214.34,0.64
20,3,245,171.33,0.42
89,4,63,119.61,1.12
91,4,23,76.29,1.15
65,2,277,192.54,1.5
44,5,184,108.79,1.44
18,2,324,188.02,0.38
46,3,208,104.28,1.11
70,4,357,75.09,0.98
2,2,249,158.88,0.15
29,1,141,142.88,0.89
71,3,29,145.67,1.41
17,4,53,69.18,1.19
94,1,98,234.48,0.54
61,3,336,152.19,1.46
92,4,51,184.81,1.31
69,1,358,174.74,0.47
29,4,170,134.81,0.73
68,5,203,137.8,0.35
50,2,256,204.65,0.45
8,3,62,189.44,0.47
95,5,339,195.89,1.0
63,4,59,70.98,0.83
8,3,60,122.27,1.3
21,2,277,249.81,0.27
14,3,319,239.47,1.19
73,5,292,53.17,0.43
60,3,140,182.74,0.88
18,3,230,59.81,0.75
17,3,204,72.0,1.27
30,1,174,96.6,0.39
73,4,60,175.49,0.51
79,3,305,135.64,1.49
7,3,361,109.95,0.38
75,2,313,159.64,1.35
3,4,2,172.75,0.64
74,4,157,189.7,0.65
26,4,269,173.37,1.03
25,5,255,186.52,0.3
45,2,215,236.39,0.86
42,1,96,229.18,1.19
61,5,327,50.84,1.02
65,4,282,93.13,0.97
84,1,265,222.79,0.69
72,4,178,65.35,1.12
46,4,71,180.94,0.23
58,4,96,210.82,0.66
57,4,218,227.3,1.36
28,2,141,246.98,0.2
21,5,16,185.81,0.59
84,3,124,232.73,0.21
32,1,293,211.46,0.22
45,3,150,97.99,1.5
98,5,312,165.75,0.7
33,4,241,173.69,0.94
93,5,158,151.88,1.49
26,5,283,136.0,0.39
53,1,189,72.98,0.98
19,1,159,222.11,1.23
37,1,315,71.66,1.47
88,1,6,91.14,0.77
48,3,149,138.44,0.33
38,2,109,54.12,0.69
1,4,355,144.62,1.09
51,4,202,122.7,0.3
42,4,242,107.53,1.08
35,3,194,52.52,0.52
68,4,297,92.74,1.16
93,1,83,202.04,0.76
94,2,231,73.29,1.25
99,3,136,164.6,1.16
32,2,214,54.56,0.25
19,1,355,220.09,1.37
63,5,153,103.33,1.33
6,5,196,217.13,0.69
39,5,245,60.37,0.4
2,1,107,225.12,0.67
33,5,227,232.14,1.37
13,1,192,211.64,0.53
84,3,200,146.87,1.48
3,2,83,97.64,0.62
49,4,221,69.06,1.16
18,3,30,134.38,0.94
14,1,292,177.44,0.5
30,3,325,181.1,0.35
23,5,278,149.8,0.35
91,1,87,243.82,0.89
80,2,328,175.13,1.43
37,1,94,148.71,1.24
4,5,205,122.79,1.04
12,1,139,52.04,0.52
31,5,155,137.35,0.96
90,5,115,188.54,1.03
15,3,334,151.16,0.92
72,3,179,136.09,0.49
76,5,71,153.46,0.96
9,5,81,217.39,0.23
20,4,200,206.18,0.81
80,5,332,123.43,1.48
14,1,22,214.15,0.43
50,2,227,81.48,0.15
63,4,209,104.36,1.26
26,2,316,226.17,1.48
91,2,128,61.76,0.36
71,3,3,249.24,0.44
20,1,220,77.69,0.32
22,5,123,246.73,1.09
20,2,360,117.87,0.71
84,1,42,58.44,1.41
49,5,333,179.44,0.28
56,5,292,167.29,0.53
34,4,352,150.05,0.61
64,1,243,104.72,1.27
93,2,217,165.43,1.32
82,2,177,232.82,0.45
60,3,145,236.56,0.45
27,3,305,181.0,0.89
72,3,46,157.67,0.89
52,3,195,112.9,1.04
73,4,26,63.92,0.92
48,1,302,183.02,0.12
8,4,109,114.93,0.12
71,4,185,80.19,1.13
19,5,213,124.96,0.6
9,3,355,144.67,0.24
17,3,181,109.77,0.16
71,5,38,110.89,0.67
53,5,276,204.38,0.22
30,1,100,96.76,0.62
32,4,220,211.3,0.68
3,5,217,118.68,1.29
21,2,337,205.16,1.3
31,5,80,202.47,1.49
19,2,172,197.89,0.3
70,4,25,157.05,1.13
33,1,48,166.7,0.22
57,2,66,150.68,0.66
50,2,61,204.24,0.34
5,5,14,99.92,0.54
85,5,212,182.67,0.77
49,5,186,57.31,0.33
16,1,77,134.93,0.88
77,1,10,195.08,0.53
24,5,25,118.1,0.68
11,5,56,125.77,0.31
25,2,80,113.93,1.21
3,1,191,225.91,1.07
77,2,67,205.71,0.17
22,1,286,161.07,0.94
86,1,14,161.25,0.41
99,5,121,75.51,1.12
33,5,261,78.91,0.33
43,2,172,166.68,0.44
17,3,84,105.39,0.55
73,3,345,111.34,0.64
4,3,156,224.07,0.46
93,4,173,154.15,1.44
3,5,290,143.77,1.08
90,4,52,197.82,1.33
89,2,18,129.27,0.28
38,1,186,62.88,0.53
44,5,268,103.96,0.85
63,3,100,164.09,1.19
33,4,237,110.8,1.32
11,3,198,229.4,1.04
48,1,148,63.88,0.31
13,3,167,187.96,1.11
30,2,55,210.04,0.69
74,1,120,191.51,0.89
64,1,98,133.82,0.15
99,2,241,204.71,0.34
31,1,26,246.71,0.64
38,4,166,83.75,0.64
86,2,125,185.58,1.36
17,2,311,109.54,0.97
92,3,258,200.94,0.87
60,4,144,76.07,0.59
88,4,145,196.79,0.15
93,5,266,126.25,0.4
4,3,39,169.01,1.17
71,4,176,233.69,1.36
25,5,140,144.27,1.15
54,3,150,234.07,1.34
20,5,269,104.33,1.43
77,1,82,227.29,0.73
15,1,216,175.01,0.58
43,4,52,167.14,0.34
94,3,275,208.59,1.37
55,4,99,145.92,1.39
35,3,146,225.68,0.72
42,2,240,156.15,0.61
67,2,298,155.63,0.33
56,1,108,219.5,1.12
19,3,147,237.74,0.85
77,5,48,148.09,1.31
63,3,81,158.79,0.56
64,5,276,158.34,0.75
26,1,76,150.06,0.39
94,1,176,129.38,1.1
6,2,95,164.75,0.17
57,1,142,152.77,0.53
6,2,48,177.42,0.58
44,1,100,138.55,0.6
55,2,37,196.08,0.46
89,1,65,182.64,0.96
26,2,27,216.71,0.44
57,2,200,108.59,1.29
4,3,242,165.35,0.54
20,4,278,222.81,0.87
13,5,48,179.59,1.05
46,3,272,163.4,0.37
48,1,42,244.91,1.21
100,2,247,200.24,0.16
19,5,365,105.33,0.81
15,4,353,110.67,0.3
28,4,30,240.08,0.57
49,2,96,221.46,0.25
11,4,237,165.23,0.67
63,1,125,129.53,1.32
40,2,224,130.03,0.27
41,4,315,118.11,1.11
8,3,46,108.15,0.66
42,3,133,122.4,1.12
94,4,33,144.01,1.16
6,5,183,54.1,1.03
40,5,303,211.58,0.34
90,2,321,134.16,0.79
87,5,128,139.05,0.38
67,5,77,62.98,0.79
27,2,300,71.33,1.36
44,1,65,125.89,0.82
89,3,28,117.79,0.12
83,4,125,225.24,0.38
76,5,129,245.07,1.11
59,2,96,177.02,0.99
18,1,64,244.99,1.29
98,5,175,53.91,0.51
17,1,109,119.04,0.26
60,1,59,216.23,1.45
48,1,306,223.87,0.29
84,3,55,153.8,1.42
38,4,360,150.3,1.47
41,4,2,247.75,0.82
21,5,206,221.69,1.2
53,3,282,87.09,0.71
85,4,100,120.9,1.06
82,2,163,103.09,0.11
25,5,241,209.11,1.19
93,3,308,52.0,1.43
41,5,212,67.35,0.4
44,3,292,231.56,1.29
66,5,94,152.44,0.95
76,1,3,139.14,0.98
71,3,62,163.05,1.1
86,4,130,134.73,0.52
50,2,316,244.08,1.11
46,2,177,239.44,0.71
15,4,29,191.15,1.1
78,3,206,187.74,0.95
79,4,132,72.7,0.18
75,2,184,211.16,0.23
90,1,261,230.43,0.38
92,2,102,178.36,1.49
59,5,242,90.74,0.44
5,3,302,240.97,0.62
83,3,198,195.84,1.22
14,5,205,181.8,0.32
61,4,245,206.29,1.41
93,3,293,241.66,0.85
48,4,363,202.51,0.95
28,5,319,150.74,1.31
5,2,128,120.15,1.37
76,4,159,74.67,1.3
72,4,190,86.59,0.49
53,5,350,127.86,0.4
54,1,354,237.47,1.03
3,5,334,56.54,0.54
11,5,88,160.47,1.43
92,3,288,169.08,0.83
39,4,265,56.27,1.37
96,4,232,119.18,0.32
56,3,79,231.72,0.8
87,2,225,213.19,0.5
78,5,326,202.6,1.21
15,4,316,56.56,0.85
14,3,282,87.18,1.32
80,1,253,142.63,0.7
100,4,213,171.24,1.11
36,4,202,249.34,1.0
86,1,45,179.14,1.26
4,1,219,169.62,0.69
16,4,8,50.68,0.3
30,2,162,110.89,0.85
5,3,185,94.26,0.39
53,4,250,245.2,0.89
30,2,45,131.02,0.62
15,1,39,95.87,0.28
18,5,35,223.6,0.5
90,3,299,83.18,0.36
57,5,359,117.71,0.76
17,5,326,172.13,0.14
31,1,131,193.22,0.44
72,1,84,121.49,1.43
20,5,204,113.15,0.93
16,5,97,145.95,0.36
66,1,283,157.2,0.36
3,5,248,109.46,0.69
99,5,330,168.43,1.24
44,5,116,169.47,1.28
9,5,242,184.04,0.49
86,4,103,216.84,1.2
5,4,230,93.77,1.35
15,2,109,78.57,0.12
59,2,311,229.86,1.42
37,5,66,116.19,1.22
92,1,149,176.44,1.13
33,4,157,181.09,1.09
72,2,64,196.68,1.09
38,5,188,172.74,1.28
88,3,340,218.89,0.84
79,5,66,176.43,1.32
34,3,321,148.88,0.9
66,1,33,197.47,1.42
96,5,326,216.83,0.56
54,3,260,240.91,0.61
99,4,142,187.76,1.14
44,5,239,183.85,1.3
70,1,198,120.09,1.41
49,4,30,200.11,0.33
66,1,187,192.53,1.12
42,2,157,182.25,1.16
50,2,1,170.9,0.36
57,3,92,221.01,0.22
51,4,300,110.43,0.19
68,3,328,127.23,1.45
17,1,299,197.11,1.12
94,3,266,100.68,1.05
10,4,128,225.45,0.22
15,1,343,127.37,1.07
8,4,84,173.58,1.36
24,1,169,214.78,0.22
52,3,253,144.02,0.7
6,2,285,213.66,0.36
38,3,345,134.92,0.59
91,5,286,244.43,0.36
53,4,170,154.21,0.81
21,5,326,128.23,1.01
62,1,246,124.95,0.85
62,4,131,72.79,0.17
45,5,98,149.8,0.28
56,2,217,110.7,0.47
76,4,67,248.34,0.9
76,5,321,245.84,0.85
50,4,200,101.15,0.35
34,2,256,115.88,1.02
19,1,361,89.39,0.4
96,3,81,147.17,0.73
48,1,144,98.78,0.58
53,5,364,126.22,1.06
53,4,285,68.27,1.13
1,2,142,190.84,1.35
51,4,324,120.59,1.39
4,1,39,246.02,0.94
18,1,136,204.54,0.1
9,5,128,94.79,1.38
87,3,20,61.98,0.85
92,4,48,110.83,0.68
88,4,346,112.96,1.46
16,2,349,175.01,0.42
15,5,320,108.21,1.48
82,1,76,84.2,0.89
80,4,52,83.18,1.35
27,3,213,136.34,0.34
15,1,40,147.92,0.65
85,3,304,136.11,0.33
35,5,248,202.97,0.32
19,4,123,100.98,0.55
49,3,168,182.48,0.2
28,3,327,132.09,1.12
45,4,66,187.47,0.16
42,3,146,202.91,1.12
74,5,314,131.96,1.29
55,2,23,121.97,1.26
98,4,231,206.27,0.84
46,2,280,68.51,0.81
60,2,215,62.99,1.12
92,4,223,127.76,1.42
19,5,86,136.39,1.26
1,1,254,145.35,1.17
92,1,304,173.96,0.7
78,4,32,58.05,0.85
70,3,302,126.97,0.84
26,2,132,63.83,0.18
17,4,328,197.86,1.0
96,3,279,157.3,0.95
100,3,250,145.86,1.49
72,1,63,201.0,0.94
87,4,123,156.58,0.75
46,2,72,128.92,1.11
82,5,128,116.74,0.46
45,2,18,145.42,0.64
41,1,350,129.71,0.71
74,3,133,64.3,0.51
27,1,317,61.3,0.87
64,2,267,132.37,0.19
71,5,114,54.78,1.41
31,3,288,58.39,1.06
9,1,279,106.01,0.79
100,5,161,71.13,0.54
18,4,122,144.89,0.5
83,5,231,184.55,0.74
70,4,257,86.22,0.23
89,2,234,62.32,1.32
39,1,65,97.92,1.34
79,1,315,163.83,0.87
50,4,143,90.86,0.99
65,5,308,190.85,0.77
29,3,352,66.61,0.64
17,4,160,66.2,0.75
4,5,195,161.35,0.88
54,2,31,136.59,1.14
7,5,261,179.59,0.14
12,1,4,63.7,0.71
16,2,37,98.54,0.76
26,3,265,249.28,0.12
10,5,298,204.61,1.25
39,5,270,90.78,0.71
86,3,141,232.5,0.54
100,3,23,109.08,0.69
35,5,39,212.63,0.63
100,3,271,72.97,0.5
49,3,292,76.51,1.29
33,4,346,125.93,0.96
48,3,266,191.14,1.38
14,3,143,135.17,0.69
37,1,5,126.29,1.42
44,3,191,212.8,0.51
86,5,278,111.78,0.79
61,1,280,151.88,0.65
61,4,32,182.72,0.49
45,3,35,107.04,0.7
66,2,190,182.5,0.86
8,4,280,86.17,1.23
5,1,352,191.76,0.84
55,1,223,85.96,1.07
12,4,186,74.04,0.85
17,3,198,75.98,0.26
25,5,78,187.34,1.49
22,3,51,183.57,0.59
4,3,295,113.39,0.93
12,5,282,225.24,0.65
44,2,302,116.47,1.34
52,2,241,184.2,1.47
67,1,245,183.12,1.16
6,4,200,93.86,1.17
39,5,189,245.43,0.19
12,1,317,85.04,0.44
8,1,160,232.21,0.66
56,2,48,107.64,0.16
42,4,118,205.46,0.2
8,3,240,58.97,0.46
91,2,144,195.75,0.23
10,1,21,79.54,0.47
91,3,65,96.36,0.88
28,5,299,135.07,0.18
66,3,348,191.26,0.57
89,2,182,238.27,0.36
73,4,146,166.16,0.73
18,3,15,188.27,0.37
89,4,146,68.53,1.39
69,1,292,181.57,1.08
22,4,353,174.94,0.95
59,3,316,143.42,1.09
49,4,58,248.35,0.24
84,1,219,103.75,1.07
68,5,284,79.07,0.43
91,3,111,106.16,0.76
78,1,248,216.15,0.85
60,1,135,218.61,0.83
39,4,153,242.65,0.19
31,4,185,58.81,1.06
31,2,26,204.5,0.75
93,1,286,103.09,0.21
8,5,55,62.15,0.85
66,1,351,249.43,0.9
31,3,10,81.88,0.82
51,2,305,185.77,0.98
29,4,236,87.45,1.04
97,2,223,110.01,0.75
30,1,226,129.4,0.28
82,1,365,96.24,0.82
16,4,289,196.93,0.41
68,4,146,107.59,1.15
86,3,294,165.74,0.35
27,1,193,50.83,1.02
6,4,186,171.28,1.19
47,3,199,219.38,0.85
20,3,346,234.67,0.25
19,1,319,235.9,0.35
62,4,78,89.89,0.16
13,2,202,206.97,0.86
53,5,30,102.91,1.47
38,4,323,92.97,0.76
77,5,304,159.4,0.36
92,4,7,75.52,0.54
81,2,200,140.65,1.14
79,2,50,97.94,0.58
91,1,170,56.74,0.61
79,2,119,198.83,0.37
52,4,8,198.05,0.69
26,3,274,54.11,1.45
83,5,102,129.33,0.41
68,5,48,126.49,0.2
63,2,162,101.56,1.42
33,5,295,121.9,0.79
41,3,176,118.32,1.03
70,3,55,197.73,0.52
17,4,295,100.22,0.95
76,1,147,64.14,0.89
10,5,208,136.92,0.75
60,4,80,119.7,0.67
34,3,118,169.73,1.36
15,2,267,249.55,0.74
2,3,118,230.27,1.33
71,5,341,162.9,0.42
70,4,338,138.96,0.8
38,4,311,204.37,0.87
7,2,42,235.06,0.91
87,3,36,237.58,0.21
79,3,306,139.07,0.6
31,5,71,186.95,0.29
66,1,346,158.64,1.12
11,2,57,67.47,0.89
24,2,363,130.62,1.3
1,5,201,178.35,1.47
97,1,174,57.23,1.42
89,3,26,154.35,0.78
79,4,177,99.22,0.75
6,4,335,124.28,0.42
65,1,172,62.62,1.46
30,4,165,87.66,1.38
46,2,357,198.55,1.06
65,1,321,246.16,0.16
79,2,191,210.12,1.35
13,2,256,193.55,1.25
77,1,20,169.21,1.08
17,1,352,179.16,0.69
83,1,297,152.82,1.06
90,2,316,155.65,1.05
31,3,128,173.3,1.49
36,2,134,162.74,0.22
14,1,59,216.17,1.07
87,5,197,149.75,1.35
78,3,206,132.25,1.25
34,1,306,134.16,0.45
84,1,362,75.64,0.54
19,3,283,157.69,0.54
60,1,321,170.55,0.97
30,4,63,104.07,0.2
6,5,25,182.15,1.19
94,3,311,52.15,0.4
74,3,356,176.18,0.17
2,2,59,218.3,0.92
33,5,215,212.57,1.24
18,5,362,224.3,0.56
24,2,147,198.9,0.71
42,5,296,97.29,0.41
83,5,274,205.09,1.17
5,3,204,132.39,1.25
51,1,365,242.96,0.33
6,5,180,243.66,0.65
73,2,37,141.14,1.09
47,2,354,109.93,1.35
34,1,351,84.41,0.21
58,4,137,118.78,0.45
88,4,316,108.17,1.1
21,5,339,219.12,0.72
12,2,174,126.94,1.02
62,1,136,248.65,1.49
94,4,118,114.35,0.55
44,2,267,229.25,0.83
56,4,224,232.39,0.29
26,4,133,216.23,1.16
76,2,342,134.12,0.87
19,1,324,119.25,0.39
94,5,34,174.31,0.53
19,3,162,67.29,1.18
55,3,232,122.45,0.12
97,2,272,145.33,0.39
76,4,232,214.75,0.99
3,3,285,72.9,0.98
45,2,172,210.44,0.86
11,4,52,121.67,1.22
39,4,280,72.33,1.24
62,2,338,217.76,0.45
39,3,154,146.83,0.92
22,5,336,182.1,1.41
90,4,5,146.04,1.36
25,1,88,116.07,0.89
89,5,265,51.92,0.55
82,1,27,116.61,0.76
69,3,49,214.26,0.6
77,5,44,58.3,0.71
78,5,30,74.39,0.49
63,3,339,211.42,0.79
67,1,94,189.0,0.51
96,1,319,126.52,0.43
97,5,1,187.58,0.46
1,4,101,190.59,0.93
22,2,315,196.39,0.94
7,3,247,186.4,0.98
6,1,91,194.74,0.1
36,5,62,102.09,0.98
11,1,158,128.19,0.23
81,3,290,213.89,1.34
98,1,5,224.34,0.82
82,1,13,193.66,1.33
39,3,19,113.55,0.42
51,3,320,72.91,0.93
100,5,329,176.13,0.12
19,1,13,162.79,0.56
26,3,141,212.15,1.13
68,2,91,113.15,1.49
81,4,79,176.29,1.15
55,1,150,172.77,1.47
22,4,322,159.53,1.41
9,1,146,175.36,1.02
76,4,189,125.43,0.98
17,1,229,70.99,0.53
39,4,99,131.78,0.41
78,5,37,173.88,0.16
68,4,257,133.87,0.52
4,5,286,105.95,1.38
100,1,31,243.05,1.23
93,2,16,205.11,1.3
2,4,37,110.39,0.21
6,3,11,205.07,0.53
80,4,230,185.35,0.15
12,3,164,126.25,0.98
83,4,356,100.94,1.28
6,1,130,126.52,1.44
99,3,98,140.44,0.27
19,3,159,165.34,0.65
41,3,206,86.55,0.51
43,4,230,249.23,0.6
64,3,339,225.37,1.17
72,2,18,166.09,0.41
30,5,218,194.96,0.37
77,5,365,221.97,0.36
9,4,157,199.68,0.32
24,2,128,192.12,0.59
27,1,174,84.85,0.33
26,2,153,202.45,0.48
38,5,336,53.44,1.13
99,3,276,209.48,0.56
21,3,308,109.1,1.15
15,2,116,221.73,0.14
63,5,151,146.62,0.56
83,1,330,114.88,0.23
3,3,205,78.75,0.41
56,3,122,176.66,1.33
50,5,163,230.58,0.47
91,3,182,246.89,0.35
46,4,260,184.77,0.75
44,3,114,51.41,0.16
25,4,318,188.67,0.85
31,5,251,158.23,0.27
86,5,273,191.76,1.45
100,4,170,249.74,0.56
78,4,187,244.58,0.42
18,4,229,71.64,0.66
3,5,345,163.6,1.0
55,2,14,217.62,0.81
14,1,214,107.25,1.47
5,2,327,135.38,0.59
32,2,205,242.45,0.54
3,5,255,111.49,1.01
58,1,55,236.8,0.16
83,1,239,101.25,0.72
81,5,272,127.83,0.55
83,1,99,129.66,0.94
3,1,13,203.28,1.36
12,2,55,221.5,0.62
93,3,269,114.05,0.9
84,1,197,150.25,0.94
28,5,319,54.66,1.37
28,2,109,140.14,0.96
16,3,134,62.17,0.53
3,5,191,213.05,0.4
44,5,22,189.29,1.0
19,2,149,220.93,1.48
55,4,158,240.33,0.35
82,5,5,73.28,0.57
92,5,317,75.75,1.47
67,5,356,109.16,0.92
20,2,28,160.16,0.98
49,4,139,108.54,0.77
99,1,316,152.72,0.12
78,3,38,169.68,0.33
63,2,275,232.98,1.28
52,4,47,83.57,0.98
1,1,67,241.13,1.27
68,5,40,83.46,0.48
87,1,177,62.14,0.77
42,3,79,88.23,0.91
82,2,18,227.85,1.48
7,4,118,210.12,0.12
32,1,15,71.95,0.18
42,2,355,229.65,1.42
71,3,333,222.83,0.11
94,2,327,167.91,1.45
49,1,326,211.02,0.63
78,1,267,88.25,0.87
58,4,110,92.28,1.34
23,5,107,58.16,1.2
28,5,138,204.55,1.08
46,3,364,217.0,1.26
23,1,169,56.5,1.14
36,4,114,109.06,0.11
35,3,151,222.22,0.84
85,3,22,151.18,0.91
78,2,336,234.98,0.88
51,4,195,144.12,0.25
16,1,88,215.56,0.99
85,3,305,81.27,1.35
49,3,207,109.12,1.15
100,1,123,219.39,0.77
78,4,243,158.97,0.83
76,3,5,142.8,0.83
78,2,110,182.84,1.16
39,3,65,151.43,1.05
33,5,216,160.14,1.33
39,1,3,196.8,1.45
67,5,68,88.88,0.5
91,4,256,119.71,0.46
58,1,69,201.64,1.22
15,1,222,81.45,0.79
2,3,126,233.03,1.32
33,5,242,210.65,0.93
54,3,36,173.06,0.15
52,1,269,98.81,0.89
38,3,72,130.36,1.48
93,4,318,128.51,0.77
99,3,18,186.53,0.73
66,5,125,127.67,1.05
19,4,213,233.08,1.19
94,2,103,183.6,0.14
65,5,33,88.57,1.01
42,2,94,111.44,1.07
41,4,261,149.85,1.27
30,5,160,110.1,1.13
5,1,312,139.16,1.49
30,5,166,130.24,1.1
63,1,254,61.52,0.5
49,4,143,61.91,0.86
80,5,205,220.32,1.24
92,1,317,222.41,1.44
77,3,114,187.75,1.5
36,4,17,180.66,0.64
2,1,122,240.88,0.85
41,2,77,158.24,0.31
92,2,28,92.47,0.82
98,2,156,215.23,1.4
35,3,301,104.45,1.39
18,2,334,140.4,1.36
63,4,280,50.77,0.59
38,1,345,220.68,1.07
80,3,53,207.38,1.43
3,3,274,191.38,0.19
1,4,247,114.22,0.27
97,3,178,242.12,0.82
5,4,110,55.82,0.81
34,4,101,127.96,1.5
89,4,243,87.36,1.03
3,3,88,114.89,1.05
74,2,133,154.78,0.28
74,2,206,61.51,0.7
24,2,136,171.86,0.14
94,5,145,166.39,1.44
90,1,176,137.98,0.12
33,1,290,175.32,0.54
72,3,361,133.63,1.01
11,2,77,237.38,0.5
97,2,235,77.0,0.35
63,2,197,60.37,0.52
64,5,241,183.14,0.71
92,5,87,93.02,1.48
84,1,289,171.58,0.12
83,2,329,84.64,0.38
88,2,6,98.35,0.86
30,2,80,92.74,0.98
52,4,336,181.95,1.33
99,1,187,112.14,1.44
91,2,78,154.57,0.1
22,1,162,115.7,1.38
11,4,267,132.63,0.88
62,2,283,83.16,0.66
96,3,145,182.19,0.46
33,5,166,135.33,0.75
29,5,339,118.07,1.44
99,4,290,244.71,1.14
84,1,256,220.02,0.47
62,2,344,236.8,0.83
39,5,257,125.97,1.42
28,4,219,91.14,0.71
62,5,161,91.74,0.54
5,3,259,50.34,0.74
53,1,65,223.35,0.15
76,2,75,231.78,0.2
3,4,173,136.19,0.44
33,5,320,126.42,1.22
24,4,277,237.18,1.36
3,4,167,151.36,1.31
41,3,127,105.39,1.08
29,2,219,150.21,0.65
47,4,15,127.2,0.49
8,3,220,213.34,0.73
42,2,209,222.61,1.03
5,3,39,221.06,0.72
25,5,317,221.28,0.58
30,4,38,135.62,0.3
82,3,311,59.86,0.54
94,2,235,227.86,0.93
87,5,244,188.81,1.44
79,4,63,143.37,0.26
21,1,304,181.82,1.35
87,4,12,212.83,1.22
100,1,255,64.25,1.07
21,5,87,170.76,1.2
60,5,46,152.58,0.19
94,1,192,65.84,1.15
60,3,248,94.39,0.43
77,1,85,162.88,1.27
84,5,304,234.41,0.46
91,5,332,193.69,1.27
14,4,182,129.16,0.54
60,2,213,158.04,0.2
39,2,251,109.73,0.5
99,5,45,114.06,1.06
20,3,114,171.77,0.22
39,2,81,187.56,0.18
41,3,321,93.65,1.15
81,3,197,83.87,0.67
68,2,8,195.67,0.15
12,2,171,114.64,0.53
29,1,29,166.72,1.45
5,5,291,56.1,0.33
85,3,79,196.44,0.99
92,1,108,129.36,1.27
79,3,246,209.15,0.58
76,2,307,119.48,0.18
4,4,130,102.2,0.52
12,5,360,170.66,0.91
41,5,38,176.09,0.42
1,1,158,171.84,0.14
30,5,95,69.18,0.29
83,2,89,214.78,0.48
73,4,292,69.77,1.43
66,1,188,215.09,0.67
58,2,141,222.08,1.46
24,1,116,51.36,0.46
99,1,250,240.53,0.91
39,3,194,59.88,1.25
20,3,59,109.61,0.43
22,5,178,51.69,1.45
67,3,288,244.6,0.92
49,3,274,104.57,0.21
32,4,25,179.3,1.18
8,5,115,113.03,1.16
89,4,176,110.72,0.55
26,5,266,78.77,0.82
74,3,82,157.95,0.38
84,4,193,202.44,1.19
96,4,1,88.9,1.16
8,3,74,154.25,1.21
65,2,191,193.73,0.83
13,5,210,236.57,0.89
73,1,84,88.85,0.55
83,4,115,85.69,0.12
73,1,304,93.99,0.6
69,3,308,168.05,0.61
4,4,324,236.13,1.01
80,3,320,152.6,1.17
75,4,83,70.4,0.12
74,4,146,245.2,0.24
26,4,24,114.7,1.42
45,2,60,239.55,0.44
30,2,242,154.08,0.47
72,5,101,177.52,0.71
55,3,181,188.52,0.46
27,4,69,245.36,0.75
15,1,129,192.44,1.09
23,5,144,233.81,0.88
17,1,173,212.22,0.15
61,4,164,162.05,0.59
20,3,105,103.86,0.91
25,3,204,227.56,0.49
98,5,48,197.8,1.2
82,4,175,147.21,0.7
39,1,23,104.3,1.01
24,4,98,157.64,1.14
19,4,175,170.7,0.76
11,4,124,97.59,1.39
68,4,123,247.15,0.94
13,5,151,234.18,0.29
80,1,157,102.03,1.23
73,1,230,80.39,1.31
1,4,275,149.13,0.62
84,2,93,234.64,1.36
66,2,355,102.26,0.97
65,1,77,225.27,1.18
83,4,56,135.74,0.21
64,4,69,245.27,1.36
3,4,91,101.79,1.24
18,2,39,133.37,0.2
90,5,252,249.53,1.48
28,3,235,150.09,0.21
12,2,240,168.21,1.07
12,2,20,215.76,1.11
88,1,204,220.39,0.41
75,3,159,88.28,0.98
11,1,184,197.49,0.4
18,5,320,98.66,1.24
70,5,258,248.68,1.13
6,2,36,172.05,0.32
45,1,159,132.14,0.62
3,3,294,196.66,0.48
49,1,359,124.62,1.33
20,5,178,85.8,0.98
18,5,206,150.49,0.94
61,5,318,152.61,1.1
73,4,14,162.62,0.2
54,4,215,232.64,0.32
37,3,149,230.52,0.62
95,5,151,151.24,0.32
36,2,300,102.15,1.21
5,3,123,199.45,1.4
96,1,229,110.04,1.0
98,1,302,223.95,1.46
57,2,320,218.59,0.22
47,1,273,232.67,1.38
64,1,12,74.2,0.8
69,4,88,91.47,0.59
45,1,350,244.97,1.29
8,5,268,153.41,0.35
15,4,298,134.21,0.15
15,5,131,222.73,1.16
30,2,211,206.49,1.4
27,3,114,191.62,0.24
60,5,261,222.87,1.09
14,4,175,100.03,1.1
93,4,196,109.78,0.88
23,3,324,171.87,0.52
62,2,239,198.65,0.3
42,4,76,61.8,0.62
93,4,334,217.51,0.4
19,3,159,65.41,0.66
53,1,324,66.03,1.31
64,4,230,238.66,0.9
100,1,357,123.07,0.24
26,2,231,203.7,0.96
45,4,292,110.77,0.7
9,3,72,107.92,1.13
8,4,238,199.41,1.27
35,5,328,188.68,0.56
26,3,248,163.74,0.38
58,5,237,114.66,0.16
71,1,262,218.53,0.71
53,5,340,182.43,1.0
77,4,104,175.89,0.31
60,3,67,201.91,1.32
20,4,24,77.36,1.24
54,5,23,240.69,1.17
93,3,199,82.56,1.08
66,4,242,212.29,0.69
15,3,362,111.31,0.13
99,4,310,101.16,1.28
53,3,25,193.6,0.72
33,1,248,136.6,1.08
84,1,7,235.89,1.41
94,4,294,113.28,0.4
62,4,155,92.84,0.1
21,2,101,127.78,1.27
39,4,79,235.33,0.5
49,1,147,132.03,1.46
3,2,87,104.12,0.33
91,1,331,166.09,1.03
92,1,304,216.52,0.71
45,4,349,109.1,1.25
32,4,109,220.35,0.54
100,1,137,178.4,1.33
76,1,54,238.5,0.46
93,3,135,197.0,1.29
2,1,306,147.02,1.05
90,2,8,193.51,0.64
73,2,312,157.18,0.31
13,2,161,241.51,0.4
60,5,57,127.23,1.21
66,3,341,155.62,1.36
21,1,292,86.32,1.17
94,3,340,245.83,0.23
16,2,319,175.95,0.71
41,4,189,149.27,1.45
26,4,19,127.56,0.97
21,1,245,205.93,0.33
60,3,327,222.07,1.24
85,1,333,132.03,0.52
24,1,87,125.78,0.16
62,5,175,206.94,1.08
93,4,186,196.04,0.67
20,5,38,64.04,1.17
67,2,303,108.19,1.46
18,1,22,138.73,1.02
81,3,343,147.07,1.36
21,1,106,140.81,0.14
59,2,229,142.81,1.26
88,3,353,84.85,0.96
69,4,106,107.15,0.73
28,4,102,127.83,1.41
34,1,186,63.17,1.47
23,3,255,59.71,0.42
82,3,239,204.13,1.19
44,3,290,204.65,0.49
22,2,178,167.54,0.82
63,3,118,58.63,1.1
12,5,111,232.01,0.88
47,5,77,107.24,0.46
79,2,58,216.85,0.92
88,3,92,186.31,0.71
34,1,253,126.58,0.62
24,5,267,209.12,0.25
75,5,139,229.49,1.12
87,5,54,115.72,1.07
83,3,103,69.21,1.23
49,2,89,141.32,1.31
42,5,28,166.68,0.69
70,1,327,109.5,0.93
36,5,26,193.53,1.23
21,5,17,86.07,0.87
85,3,295,150.69,0.27
31,2,4,242.91,0.76
98,3,183,158.36,0.36
8,4,288,175.16,0.2
60,5,308,74.89,1.18
12,3,154,100.66,0.14
42,5,113,216.23,0.61
35,2,356,192.26,0.64
13,3,199,100.96,0.74
68,4,282,176.31,0.17
63,4,117,196.29,0.64
36,2,281,141.36,0.29
72,4,34,212.99,0.37
71,2,74,104.7,0.34
61,1,295,179.9,1.22
24,1,243,236.09,1.46
49,4,78,149.62,0.66
92,3,259,69.92,0.67
33,3,270,152.23,1.29
48,1,328,107.96,0.5
55,5,309,153.38,0.53
41,2,273,100.77,0.26
16,5,218,134.36,0.31
82,3,25,56.52,1.13
41,1,246,86.66,0.63
74,4,89,54.64,0.76
21,5,134,63.46,0.79
82,1,16,124.54,1.21
44,2,183,150.6,0.89
31,1,163,217.34,1.4
91,5,182,198.39,0.42
20,3,154,151.66,0.17
10,1,147,62.08,1.19
50,3,88,211.69,1.27
16,5,115,69.28,1.39
75,4,86,124.81,0.35
96,2,18,76.38,1.14
4,5,289,222.18,0.61
94,3,64,95.76,0.33
82,5,62,80.87,1.19
97,2,247,56.59,0.98
59,3,342,71.81,0.65
49,3,10,124.1,1.5
95,5,26,67.75,0.72
6,2,40,65.38,0.28
90,1,191,188.21,1.38
60,4,48,72.54,0.34
81,2,194,78.82,0.54
19,2,118,165.35,1.13
4,3,199,136.95,0.13
90,2,96,86.91,0.74
91,3,359,232.45,1.5
63,4,281,148.44,1.48
89,3,323,167.22,0.31
36,4,4,173.51,1.11
77,1,81,189.79,1.12
44,5,270,158.12,1.08
91,4,127,106.47,1.49
67,4,145,178.77,0.52
11,1,72,214.0,0.98
18,2,159,76.04,1.17
88,4,164,235.22,0.54
72,1,108,134.02,0.74
9,2,7,96.56,0.42
82,2,249,122.54,0.56
34,4,19,139.21,0.19
51,1,22,238.14,0.6
45,1,29,82.04,1.04
58,1,265,96.19,0.19
76,3,62,224.45,1.13
70,2,346,166.75,1.18
98,5,32,221.12,0.69
85,1,281,78.82,1.07
83,1,190,230.77,1.39
89,3,93,238.43,0.4
41,2,306,55.81,1.08
32,1,7,108.21,0.35
48,1,336,61.48,0.27
2,4,5,245.61,0.62
75,2,319,75.85,0.39
38,1,203,85.87,1.46
51,3,211,104.51,0.22
10,2,32,84.36,0.48
32,4,319,58.19,1.02
64,5,343,123.3,1.3
59,4,282,231.69,0.69
65,2,268,226.39,0.52
1,2,121,192.5,0.37
3,5,325,217.81,0.85
6,4,127,179.91,1.09
66,4,258,181.5,1.46
8,5,74,212.46,0.77
34,4,261,190.15,0.81
64,4,220,175.15,0.68
68,4,145,191.6,0.91
65,2,162,208.08,0.17
51,1,9,102.49,0.46
70,4,28,217.23,1.15
24,3,20,105.73,1.13
63,5,209,74.77,0.44
28,4,257,210.39,0.99
70,4,54,204.44,0.55
34,3,272,170.18,0.74
100,1,92,145.88,0.26
81,1,53,136.36,0.52
43,2,43,137.74,1.15
14,4,353,144.64,0.96
91,1,268,175.74,0.42
7,4,164,149.95,1.0
60,4,204,74.41,0.59
60,4,336,229.93,0.46
9,3,87,83.3,1.45
99,1,215,155.55,1.16
69,3,198,222.32,0.6
17,2,322,195.26,0.39
83,1,187,187.14,0.16
11,5,335,146.0,1.47
54,5,275,162.22,0.56
9,4,349,156.07,0.82
37,1,214,188.91,0.33
50,3,70,140.42,1.42
93,5,335,228.22,0.39
74,2,211,136.54,1.26
86,5,308,238.79,1.1
52,2,283,152.67,0.91
55,2,271,62.75,0.85
46,1,325,141.71,0.52
76,5,312,168.69,0.31
43,1,67,147.59,0.63
18,4,158,80.48,1.09
79,2,70,123.82,1.43
83,5,109,185.1,0.6
95,3,211,61.44,0.63
90,3,208,199.15,1.42
52,5,274,71.26,0.88
66,3,207,217.92,0.57
51,1,113,78.96,1.09
89,2,28,187.9,0.3
75,3,182,131.24,0.41
49,1,104,225.42,0.61
56,2,294,98.11,1.5
49,4,304,83.6,1.29
44,3,226,167.0,1.32
29,3,86,97.09,1.33
62,3,331,217.56,0.72
17,2,33,107.37,0.95
51,5,211,164.74,0.39
73,5,249,141.76,1.02
82,2,270,186.66,0.71
28,1,17,132.9,1.19
87,1,247,152.85,0.17
27,4,197,203.02,1.39
37,4,107,131.55,0.99
91,1,157,229.71,0.28
14,2,111,96.82,1.11
43,2,231,75.33,0.96
19,5,343,85.46,1.26
84,1,307,114.71,1.44
36,4,177,136.17,0.83
82,5,224,140.94,0.6
71,5,263,51.65,0.16
89,1,348,144.21,1.01
16,2,59,90.2,0.73
1,4,253,146.27,1.22
45,4,335,198.98,1.1
92,2,339,214.68,0.95
10,1,178,204.8,0.61
63,3,224,58.52,0.62
51,4,356,128.74,0.47
95,4,188,230.57,0.17
55,4,122,243.24,0.55
85,3,58,238.0,1.19
99,3,84,191.34,0.88
41,4,120,149.31,0.81
83,2,162,64.44,0.85
36,3,25,229.69,1.33
25,1,208,151.92,1.05
40,2,326,190.53,1.35
4,5,101,131.46,0.93
5,5,298,202.23,0.71
32,3,177,92.78,0.68
86,2,241,185.14,0.12
80,1,155,168.04,1.23
49,3,35,232.28,1.48
89,4,261,63.22,1.48
35,2,333,195.84,0.52
14,2,276,181.03,0.16
39,4,33,125.11,0.82
97,3,24,148.16,0.72
56,4,143,244.22,0.34
31,1,41,202.53,1.0
31,2,144,230.85,1.48
57,5,86,123.72,0.49
51,4,110,230.0,1.41
73,5,167,246.68,0.5
20,5,272,242.66,0.2
2,5,54,66.77,1.16
1,1,220,194.52,0.55
21,3,154,106.97,0.79
16,3,279,225.9,0.87
31,5,60,98.4,0.48
37,3,132,174.64,1.18
53,4,6,84.31,0.19
89,2,25,68.96,0.56
30,5,59,225.7,1.5
99,2,217,231.67,0.43
53,3,14,82.0,0.28
40,5,275,112.16,0.74
42,4,247,204.35,1.17
35,1,56,168.68,1.44
73,1,95,234.26,0.36
47,2,128,153.74,0.12
24,1,365,212.12,1.11
90,5,51,69.95,1.1
26,4,229,93.54,1.33
81,5,117,212.72,0.21
75,3,322,221.56,0.86
77,5,30,67.76,0.75
67,4,220,238.83,1.16
97,2,227,83.37,0.77
84,2,72,223.35,1.16
11,3,225,212.43,0.51
49,5,141,57.84,0.82
80,4,316,71.42,0.77
63,2,326,162.28,0.95
75,1,310,222.74,0.94
18,5,30,189.54,0.21
97,2,250,180.33,0.34
25,2,3,83.79,1.06
57,1,150,167.26,1.03
85,3,141,85.75,0.85
6,1,361,227.32,0.45
27,4,200,105.07,0.81
35,2,247,191.65,1.24
45,1,62,65.18,1.19
1,1,186,102.96,0.94
56,3,229,50.69,0.95
84,1,202,158.21,1.31
49,4,250,116.38,0.19
22,5,147,195.19,0.18
28,4,22,217.14,0.82
56,1,200,185.07,0.23
40,5,73,222.95,0.56
79,1,204,222.36,1.3
82,4,274,231.31,1.29
41,4,146,222.82,0.8
38,1,167,102.68,0.86
10,4,347,142.1,1.39
7,3,212,168.45,1.48
10,3,335,226.05,0.4
10,2,17,120.46,1.32
99,2,68,238.31,1.25
28,3,260,202.67,0.56
11,2,119,129.9,0.37
75,3,61,160.98,0.85
51,3,35,65.35,0.66
92,5,43,249.73,0.56
1,5,330,206.01,1.06
20,1,356,171.18,1.45
6,2,191,96.11,0.83
50,3,255,201.79,0.39
52,4,287,228.94,1.48
68,5,235,117.46,0.73
35,2,184,182.74,1.43
48,5,79,97.24,1.28
78,3,286,180.32,0.23
97,2,141,194.49,0.89
69,5,277,134.61,0.49
44,1,209,204.75,1.48
87,2,86,94.4,0.65
85,4,272,168.08,1.23
96,4,40,109.54,0.5
52,1,156,150.31,0.49
25,4,356,141.99,0.77
72,1,264,243.59,0.9
62,4,50,218.53,1.31
95,3,78,97.76,0.6
37,1,362,89.24,1.34
22,2,131,90.1,1.24
23,1,195,172.49,0.98
89,3,68,80.39,1.04
26,5,23,99.29,0.6
27,3,28,187.83,0.19
86,3,7,232.19,1.29
44,4,87,78.75,0.72
36,4,230,103.34,1.41
71,5,141,99.63,0.48
55,3,88,240.09,0.7
97,4,198,94.14,0.6
67,3,72,112.83,1.27
61,2,57,171.86,0.89
70,3,257,53.26,1.21
42,2,100,76.97,0.13
87,1,238,144.67,0.23
60,4,214,138.34,0.32
89,5,253,232.39,0.56
13,2,87,153.84,0.78
43,1,30,136.14,1.49
46,3,335,123.68,0.59
46,5,259,232.47,1.01
19,5,322,173.21,1.0
94,2,118,138.81,1.44
3,5,1,74.7,1.33
91,5,217,124.03,0.22
77,2,174,190.15,0.17
25,3,175,77.65,0.4
15,3,81,170.01,1.34
90,4,272,119.05,1.5
18,5,220,108.03,0.19
58,2,76,117.21,0.65
82,4,138,109.17,0.48
48,1,139,134.26,1.33
64,4,32,156.54,0.65
73,2,268,83.71,0.65
66,2,147,157.02,0.67
86,2,134,107.89,0.49
50,2,104,151.15,1.36
66,5,275,169.94,0.35
93,3,282,164.18,0.94
72,2,320,191.54,1.47
43,4,191,100.35,0.81
35,1,96,192.07,0.39
50,1,361,125.72,1.36
47,2,6,167.94,1.35
7,2,362,213.64,0.74
74,3,79,115.47,1.3
51,1,268,233.63,0.89
19,3,278,117.0,1.0
7,3,97,64.06,0.17
96,1,174,130.65,0.42
6,3,40,58.14,0.8
20,1,94,105.89,0.38
51,2,182,249.31,1.32
62,4,212,228.85,0.92
39,4,195,193.64,0.4
91,1,251,137.46,1.03
74,2,210,224.05,1.32
83,1,130,204.39,0.58
45,4,264,166.13,0.42
15,3,58,72.79,1.48
97,3,134,93.07,0.53
33,2,174,227.56,0.3
5,4,292,87.16,1.49
8,3,132,205.25,1.3
74,4,88,159.88,0.55
87,1,294,142.38,1.46
46,3,268,51.08,0.18
53,2,244,119.67,0.98
44,2,167,210.6,0.8
37,2,314,249.54,1.19
84,2,183,73.41,0.77
92,1,317,118.38,0.89
59,2,307,141.34,0.9
84,3,357,103.44,0.24
12,1,308,197.08,0.94
38,5,57,64.8,0.46
81,4,28,75.28,0.32
66,1,148,159.5,0.37
83,3,166,217.08,0.43
49,3,150,97.58,0.84
78,3,268,90.21,0.18
55,5,223,219.81,0.44
25,3,121,234.61,0.37
90,4,200,211.5,0.28
4,4,93,224.43,1.39
2,5,142,246.25,0.15
95,2,5,83.43,1.18
15,5,313,155.03,1.43
26,2,301,82.06,0.18
60,5,46,79.98,0.71
100,3,41,107.18,1.0
80,2,185,154.96,0.29
15,4,46,143.28,1.35
41,2,3,182.09,0.55
75,3,339,211.79,0.62
30,4,16,134.24,0.91
50,3,277,142.78,1.08
69,2,62,162.79,0.73
14,5,196,246.51,1.46
4,2,314,244.0,0.33
38,4,103,124.65,0.65
44,5,177,202.78,1.03
76,4,195,145.82,1.3
32,1,135,174.17,0.76
28,3,65,76.22,0.7
17,3,8,173.09,0.51
87,5,249,115.9,0.23
19,4,207,231.81,1.4
91,2,157,55.56,0.37
76,4,250,92.39,0.89
65,2,98,146.19,1.49
93,5,80,163.99,0.16
44,5,191,91.16,0.15
31,1,354,207.92,0.54
11,2,351,243.41,0.53
64,5,308,200.66,1.18
17,2,64,197.67,0.21
48,4,267,229.55,0.29
4,3,333,149.3,0.2
45,1,50,66.21,0.24
75,5,2,84.15,0.79
77,1,174,83.41,1.15
62,3,117,165.76,0.45
7,5,71,228.7,0.73
15,1,242,232.0,0.52
43,2,310,69.86,0.44
61,1,293,118.7,0.87
61,5,294,90.11,1.19
19,2,35,147.0,0.35
2,4,223,79.2,1.18
45,5,145,229.52,0.62
48,2,302,77.65,0.28
41,1,121,228.77,1.32
6,2,361,82.66,1.39
53,5,172,187.52,1.35
21,2,216,106.54,0.52
23,2,95,221.87,0.72
72,4,135,163.21,1.1
5,5,240,187.61,0.48
92,3,218,54.88,1.34
53,2,362,54.0,1.44
79,2,266,91.91,0.9
73,1,77,147.2,0.77
3,5,31,161.23,0.56
38,5,237,57.63,0.45
35,1,313,152.67,1.28
42,3,223,194.08,0.89
26,1,315,236.44,0.77
52,5,66,238.53,0.56
89,4,244,184.01,0.59
96,4,73,103.47,0.53
95,2,274,109.03,1.15
50,4,316,221.55,0.67
100,3,180,208.29,1.46
70,4,124,209.62,1.12
41,3,125,174.44,1.37
59,2,365,247.32,0.47
23,2,59,168.98,0.19
4,1,146,69.52,1.41
40,3,362,184.59,0.36
64,1,353,65.49,0.36
26,3,153,124.72,1.45
27,4,64,72.93,0.78
43,2,314,74.7,1.35
45,1,77,202.04,1.43
37,2,14,207.71,0.79
19,4,82,241.43,0.66
31,3,20,159.42,0.21
15,4,9,61.16,0.58
5,1,328,155.81,0.72
7,1,302,80.36,1.31
2,3,45,135.2,0.8
38,3,9,214.1,1.04
42,2,110,184.38,0.87
81,1,98,107.32,0.11
9,1,150,158.4,0.26
95,1,237,96.73,1.22
33,2,363,76.2,0.41
44,2,186,211.27,0.19
15,4,296,239.01,1.27
15,4,116,117.61,0.72
95,4,152,72.61,1.25
78,1,1,81.95,0.84
97,3,358,110.08,1.33
60,3,8,147.76,1.19
27,4,109,216.5,0.72
41,5,108,157.02,1.38
70,3,155,224.18,0.2
83,3,170,199.57,0.61
15,4,245,91.33,0.58
6,1,131,189.45,0.34
81,3,193,59.43,0.81
1,3,329,241.89,1.08
98,3,354,137.42,0.89
75,5,101,214.65,0.63
71,2,142,85.41,1.31
37,1,177,167.82,0.29
8,4,350,86.09,0.6
61,4,217,218.49,1.29
30,1,92,201.8,0.22
77,1,168,210.86,0.71
29,3,232,144.13,0.14
9,3,195,197.07,0.79
18,1,85,69.97,0.45
38,4,268,184.4,1.39
6,4,322,210.22,0.62
97,1,311,68.83,0.24
38,3,89,56.59,0.6
90,2,291,116.21,0.2
7,2,52,114.44,1.27
18,2,231,177.16,0.44
70,5,312,186.43,1.47
55,1,58,158.82,0.3
95,3,282,55.91,0.53
13,3,139,52.15,0.22
91,5,91,76.99,0.63
48,5,217,206.86,1.05
57,3,111,246.07,1.07
47,4,44,130.52,1.02
1,5,63,78.98,0.18
47,1,355,190.29,0.31
51,3,297,210.83,0.63
74,2,112,166.0,0.72
85,5,303,102.89,0.99
35,1,37,218.46,0.88
73,4,192,236.81,1.12
87,4,152,72.85,0.19
29,1,278,60.68,1.4
74,3,188,239.89,1.46
58,5,345,56.23,1.42
46,4,83,134.3,0.94
22,2,168,72.82,1.02
27,1,337,241.3,1.36
15,3,306,118.53,0.32
9,2,192,159.21,0.78
20,3,333,144.07,1.38
12,3,176,126.56,0.12
21,4,233,156.65,0.74
40,5,185,192.9,0.11
36,3,127,163.09,0.52
50,2,340,95.31,1.18
62,3,312,203.57,1.43
4,4,326,177.94,1.22
54,4,35,73.98,1.48
10,1,318,227.84,1.26
40,4,42,160.19,1.41
49,1,237,244.76,1.47
26,1,250,170.26,1.11
13,4,261,156.19,0.83
65,4,254,227.41,1.25
79,3,171,249.34,0.68
39,3,188,58.59,1.42
33,4,183,132.15,0.6
24,1,10,52.06,0.23
6,4,351,102.34,0.69
81,1,278,239.45,0.84
60,1,79,184.24,1.21
80,3,89,135.84,1.48
14,5,4,188.71,0.49
41,3,36,126.99,0.81
74,2,168,180.34,0.41
19,3,336,242.21,0.55
20,5,140,74.52,0.91
51,2,61,97.19,0.27
13,2,123,192.36,0.9
46,2,226,168.83,0.68
24,5,56,218.17,0.98
44,3,329,202.46,0.91
99,2,249,117.89,0.1
20,5,205,101.69,1.32
3,5,334,178.19,0.44
28,3,101,141.85,1.49
18,5,97,75.93,0.44
83,3,147,159.56,0.81
75,1,169,111.31,0.77
96,5,224,101.29,0.22
37,1,100,93.67,1.36
95,3,27,160.44,0.26
38,2,209,73.31,0.91
72,5,322,148.6,0.18
65,3,255,199.69,0.52
23,2,87,90.67,1.3
100,3,77,77.4,0.5
86,5,230,100.99,0.33
3,4,43,236.07,1.13
2,3,249,54.98,0.82
17,3,41,60.11,1.48
5,1,180,69.19,1.03
55,2,8,110.78,1.25
75,4,47,122.23,0.94
13,5,228,118.53,0.61
72,2,316,87.03,0.63
72,4,230,71.41,0.82
57,2,352,68.28,1.42
29,1,229,76.2,0.31
43,5,332,185.48,0.16
4,5,188,243.09,0.21
67,3,363,95.81,0.68
67,1,253,249.33,0.23
70,4,360,100.33,0.81
86,1,86,195.92,1.16
26,1,93,145.48,1.22
9,1,230,155.62,0.11
45,1,14,112.82,1.46
18,2,82,171.87,0.62
51,1,24,214.28,1.0
2,2,213,113.22,1.11
93,4,225,164.85,1.04
85,1,13,143.01,0.47
74,2,224,115.8,0.68
77,4,89,64.44,0.8
38,5,324,134.46,0.61
49,4,241,85.72,1.26
19,4,123,127.48,0.63
8,3,288,209.87,0.1
30,1,194,113.93,0.58
20,3,204,98.13,0.1
49,2,23,51.33,0.21
95,2,58,90.67,0.89
10,5,152,206.21,1.4
38,5,70,172.29,0.91
48,2,305,240.74,0.83
44,1,13,187.69,0.45
76,2,265,64.19,0.26
97,4,167,81.44,0.1
84,4,33,110.57,0.72
27,3,63,217.79,1.29
9,5,294,51.94,1.24
35,4,15,190.65,0.49
36,4,103,221.57,1.02
34,3,78,239.93,1.47
21,2,172,245.4,1.34
23,2,96,236.11,1.5
88,3,85,235.15,1.17
42,3,116,165.55,1.13
2,4,256,217.33,0.73
49,5,281,216.03,0.25
60,5,148,170.58,0.8
13,5,247,134.28,0.19
75,2,89,234.68,0.22
39,3,333,178.51,0.55
12,3,285,111.73,0.25
95,5,340,212.16,0.22
48,1,135,64.72,1.35
56,3,94,185.73,1.27
39,2,153,175.39,1.03
86,4,89,107.99,0.44
30,5,3,216.31,1.32
6,4,227,61.05,0.76
52,1,232,85.9,1.11
84,4,188,242.23,0.97
75,2,83,186.49,1.04
27,3,126,187.18,0.37
39,1,13,247.46,1.35
8,5,301,70.4,0.42
55,3,331,241.77,0.7
98,5,29,125.5,0.21
75,3,142,223.64,1.0
11,2,31,199.84,0.7
19,2,11,165.05,0.43
70,2,115,130.44,0.26
70,5,202,94.92,0.18
90,3,21,166.83,1.37
10,2,14,233.67,1.24
57,4,165,132.98,0.75
64,1,129,85.97,1.23
61,2,178,93.61,1.49
65,3,339,144.04,1.23
56,3,347,53.64,1.14
12,1,97,164.25,0.47
30,5,37,133.11,0.71
4,4,346,74.45,1.05
4,3,65,179.79,0.22
51,3,275,179.1,0.24
92,2,135,103.39,1.09
44,5,149,114.72,0.94
96,3,326,136.84,1.15
55,1,307,211.43,1.39
35,5,319,216.38,1.44
35,3,337,63.92,0.11
8,3,234,235.84,0.91
18,1,104,189.53,0.35
84,4,363,53.32,1.31
81,4,318,239.26,0.51
3,2,246,173.17,0.49
16,1,340,72.33,0.95
30,3,115,149.65,0.45
40,3,9,60.49,0.4
36,4,252,113.29,1.47
35,4,80,172.27,0.99
73,3,280,213.17,0.12
39,5,19,144.15,1.13
4,4,172,55.45,1.18
48,1,14,64.81,1.05
5,4,82,159.56,0.61
5,1,175,153.36,0.2
24,4,114,196.07,0.3
34,1,288,67.85,0.81
70,3,29,163.41,0.5
33,2,47,239.89,0.18
67,2,255,110.97,1.22
35,5,305,201.62,0.64
10,1,203,52.3,0.73
94,5,213,69.32,0.75
41,1,102,70.65,0.78
89,3,337,194.7,1.03
75,5,86,106.54,1.18
91,5,289,234.66,1.38
1,3,82,78.13,0.97
21,4,126,188.3,1.05
8,1,192,188.01,0.23
19,3,100,111.49,0.69
95,3,95,221.66,1.25
2,1,108,171.83,1.24
1,4,157,143.81,0.47
51,3,179,117.18,0.93
27,1,300,193.53,0.8
89,2,9,191.93,1.13
44,5,162,119.49,1.08
9,3,140,129.93,0.43
36,2,77,145.82,0.97
44,3,199,214.89,1.29
31,5,164,119.15,0.61
34,2,160,100.59,1.03
25,5,226,190.54,0.56
60,1,104,219.93,0.31
71,5,258,50.15,0.69
64,2,65,237.41,1.48
87,5,123,235.08,1.14
25,4,318,186.29,1.03
97,5,217,148.9,0.96
82,2,71,168.77,1.16
51,4,264,181.95,0.38
25,2,152,200.84,0.83
11,5,175,185.55,0.49
1,1,120,228.82,0.41
40,3,169,168.38,1.28
56,1,115,76.62,1.42
47,5,41,159.51,0.77
87,5,151,65.92,0.87
1,5,146,218.58,1.11
65,2,186,100.82,0.66
34,3,334,214.86,1.25
59,1,56,163.85,0.51
20,1,250,228.36,1.07
2,5,351,246.0,0.56
94,5,25,210.04,1.43
98,5,195,125.05,1.46
33,5,137,80.23,0.34
41,3,223,208.69,1.32
80,4,321,230.19,0.74
33,4,179,126.81,1.29
11,2,14,149.86,0.95
74,2,342,179.28,1.14
41,4,237,50.04,0.3
74,1,119,221.05,1.14
52,2,65,168.87,1.14
51,3,250,89.58,1.03
61,2,200,71.29,0.76
45,4,47,235.54,0.44
99,2,163,130.43,1.44
76,2,102,142.24,0.5
37,1,95,93.17,0.88
62,3,272,70.21,1.04
82,4,252,52.67,0.96
100,5,89,83.03,0.56
29,3,156,118.44,0.43
1,1,207,94.91,1.03
41,5,131,69.86,0.6
75,4,105,171.8,0.19
13,5,90,127.55,0.46
70,1,62,113.77,0.36
52,1,86,105.19,1.44
28,5,179,67.75,0.85
28,2,63,167.88,0.97
43,4,129,95.6,0.51
42,5,52,139.29,0.86
16,2,290,223.25,0.48
10,3,314,213.52,0.13
56,2,143,185.74,0.32
71,2,28,64.52,0.18
16,1,253,139.76,0.78
90,1,357,94.82,0.48
26,2,248,226.92,1.25
42,4,83,106.61,1.15
62,1,103,137.09,1.32
89,2,338,177.59,1.29
5,2,335,152.31,0.75
11,3,228,120.78,0.87
73,2,119,117.84,0.33
14,3,307,187.92,0.81
62,4,55,246.37,0.31
66,4,155,71.43,1.36
67,4,353,174.6,0.51
71,4,279,244.5,1.27
81,2,322,189.74,1.38
76,3,241,75.27,0.34
81,1,223,147.16,0.55
95,2,309,211.0,1.35
62,1,251,237.83,0.9
55,3,238,168.18,0.22
81,5,90,147.58,1.11
23,3,348,169.37,0.13
35,5,133,215.53,0.77
86,2,20,218.24,0.82
23,2,62,226.93,1.43
97,3,343,66.29,0.89
22,5,5,175.35,0.59
28,5,324,119.02,0.18
91,3,1,199.14,0.44
52,3,235,88.91,1.21
32,1,53,196.64,0.52
79,2,190,198.98,1.26
96,4,149,209.39,0.56
33,2,189,81.8,0.41
74,1,345,119.71,0.92
78,3,183,191.37,1.29
58,5,137,85.97,0.1
20,1,289,198.21,1.49
44,4,325,159.99,0.53
48,4,196,131.45,1.33
85,5,208,194.47,1.03
35,4,167,96.11,0.88
58,3,241,244.85,1.36
73,1,339,194.42,1.39
75,2,175,215.87,0.91
80,1,6,64.05,0.93
41,3,31,85.67,0.73
17,1,190,142.15,0.37
68,5,304,191.34,0.16
3,3,173,190.2,0.49
74,4,322,244.29,1.24
39,1,55,194.64,1.42
26,1,62,100.82,0.4
55,3,161,160.16,1.37
7,2,284,127.95,0.92
30,3,357,225.9,1.24
65,3,309,167.98,0.39
61,3,37,184.58,1.32
83,5,224,189.94,0.52
66,3,69,112.58,0.4
61,2,364,117.28,0.76
61,3,205,69.68,1.26
39,4,301,202.91,1.34
82,5,90,151.05,1.45
54,1,74,243.51,0.21
83,5,229,119.73,0.95
3,3,68,137.72,1.26
68,1,52,150.16,1.01
16,1,213,201.58,1.43
70,2,97,58.35,0.37
74,5,331,132.41,0.23
44,5,196,156.96,0.27
34,1,347,65.9,0.88
9,2,112,182.33,1.0
67,5,57,179.81,1.31
96,4,327,244.04,1.25
91,2,264,167.89,0.97
73,5,90,137.84,1.32
38,2,257,225.01,0.42
71,5,202,157.39,0.99
79,4,310,245.75,0.47
27,4,30,220.95,0.89
53,4,253,176.78,0.12
31,4,78,223.99,0.97
29,3,286,57.65,0.44
98,3,352,120.53,0.17
62,5,237,84.19,0.88
97,4,360,140.49,0.59
69,4,75,204.69,0.85
72,1,139,110.13,0.43
20,4,298,52.1,0.97
12,5,119,240.96,0.59
51,3,211,91.99,1.36
98,4,345,121.5,0.76
31,3,299,239.63,0.31
99,3,275,196.91,0.89
37,4,191,94.1,0.57
60,5,149,175.41,1.14
14,3,158,239.1,0.14
35,2,16,175.1,0.2
31,5,267,116.71,0.93
30,4,248,162.53,0.76
46,1,48,193.3,0.74
23,1,334,159.47,0.46
40,4,339,138.92,0.12
93,1,243,89.98,0.33
68,5,352,179.72,0.41
13,3,52,163.0,0.77
18,5,192,155.1,1.29
76,3,112,79.57,0.37
14,2,223,125.53,0.83
1,3,223,67.8,1.42
26,3,321,71.6,0.78
48,5,161,73.71,0.55
78,5,196,175.7,0.35
37,4,346,98.52,1.35
73,1,357,244.95,0.46
40,5,277,54.56,1.16
97,4,44,70.04,1.43
92,2,343,70.89,0.4
76,4,84,245.65,1.34
46,4,180,116.06,0.53
97,5,155,199.03,0.38
40,2,143,182.11,0.36
2,4,35,151.16,1.02
